how,how narendra modi became pm
how,how narendra modi inspire us
how,how narendra modi become prime minister
how,how narendra modi starts his speech
how,how to contact narendra modi
how,how to draw narendra modi
how,how to contact pm narendra modi
how,how old is narendra modi
how,how much salary of narendra modi
how,how is narendra modi
how,how to draw a narendra modi
how,how to meet pm narendra modi
how,how many age of narendra modi
how,How can I write a letter to Mr. Narendra Modi?
what,what narendra modi did for india
what,what narendra modi has done for india
what,what narendra modi is doing now
what,what narendra modi said yesterday
what,what narendra modi done for india
what,what narendra modi brothers do
what,what narendra modi said today
what,what narendra modi eats in a day
what,what narendra modi has done for gujarat
what,what is the full name of narendra modi
what,what is the age of narendra modi
what,what is the caste of narendra modi
what,what is the qualification of narendra modi
what,what is the cast of narendra modi
what,what is the educational qualification of narendra modi
what,what is the mail id of narendra modi
what,what about narendra modi
what,what is age of narendra modi
what,what do you think about narendra modi
what,What are some jokes/memes on Narendra Modi?
what,What is your favorite photo / social media post of Narendra Modi and why?
what,What makes you dislike Narendra Modi?
what,What are the cool unknown facts about Narendra Modi that only a few people know about?
what,What is the best thing about Narendra Modi?
what,What is it like working with PM Narendra Modi?
why,why narendra modi growing beard
why,why narendra modi
why,why narendra modi stadium
why,why narendra modi left his wife
why,why narendra modi is so popular
why,why narendra modi is a good speaker
why,why narendra modi is famous
why,why narendra modi is growing his beard
why,why narendra modi is not married
why,why narendra modi stadium renamed
why,why narendra modi is most wanted criminal
why,why narendra modi hates christian
why,10 reason why narendra modi best president
why,Why do people supporting Narendra Modi choose to ignore his alleged role in the Gujarat riots?
why,Why is Narendra Modi promoting Reliance Jio?
why,Why do some people love to hate Narendra Modi?
when,when narendra modi became prime minister
when,when narendra modi was born
when,when narendra modi become pm date
when,when narendra modi married
when,when narendra modi elected as prime minister
when,when narendra modi wake up
when,when narendra modi left his wife
when,when narendra modi prime minister
when,when narendra modi became pm of india
when,when narendra modi entered in politics
when,when narendra modi born
when,when narendra modi birthday
when,when narendra modi movie come in jamner
when,when is the birthday of narendra modi
where,where narendra modi live
where,where narendra modi stadium
where,where narendra modi live now
where,where narendra modi leave
where,where narendra modi studied
where,where narendra modi stadium located
where,where narendra modi house
where,where narendra modi now
where,where is narendra modi
where,where is the residence of narendra modi
which,what narendra modi said today
which,where narendra modi live
which,who narendra modi
which,where narendra modi now
which,which phone does narendra modi use
which,which number pm narendra modi
which,speech which narendra modi gave on digital india
which,which caste is narendra modi
which,which number of pm narendra modi
which,which prime minister is narendra modi
is,is narendra modi married
is,is narendra modi educated
is,is narendra modi brahmin
is,is narendra modi left handed
is,is narendra modi jain
is,is narendra modi have any child
is,is narendra modi member of rajya sabha
is,is narendra modi married or unmarried
is,is narendra modi on koo
is,is narendra modi stadium private
is,is narendra modi married
is,is narendra modi divorced
is,is narendra modi vegetarian
is,is narendra modi corona positive
is,is narendra modi illuminati
is,is narendra modi a dalit
is,is narendra modi a criminal
is,is narendra modi left handed
is,Is Narendra Modi fit to be the prime minister of India? Why or why not?
is,Is Narendra Modi the best PM of India?
is,Is Narendra Modi failing as a Prime Minister?
is,Is Narendra Modi the worst Prime Minister of India?
